<?xml version="1.0" encoding="UTF-8"?>
<project-private xmlns="http://www.netbeans.org/ns/project-private/1">
    <editor-bookmarks xmlns="http://www.netbeans.org/ns/editor-bookmarks/2" lastBookmarkId="0"/>
    <open-files xmlns="http://www.netbeans.org/ns/projectui-open-files/2">
        <group>
            <file>file:/D:/PBO/NETBEANS/pert13/latihan/jumlahHari/src/GUI/jumlahHariGUI.java</file>
            <file>file:/D:/PBO/NETBEANS/pert13/latihan/jumlahHari/src/GUI/loginGUI.java</file>
        </group>
    </open-files>
</project-private>
